poam_id,weakness,source,control_id,severity,remediation,milestones,scheduled_completion,status,risk_rating
POAM-001,"No FIPS 140-2/3 validated cryptographic module: all binaries build CGO_ENABLED=0 on golang:1.25-alpine with no BoringCrypto and no Go native FIPS (GOFIPS140/GODEBUG=fips140=on); no validated module backs TLS, token generation, or cert signing.",kube-policies FedRAMP/CIS gap analysis 2026-05-29,SC-13,Critical,"P2 Cryptographic & FIPS Foundation (CRY-WU-01..03): adopt a FIPS 140-3 validated build (Go native FIPS 140 / BoringCrypto), enable GOFIPS140=on, and add a CI step proving the binary links a validated module.",M1 Select FIPS module + build strategy; M2 FIPS build green in CI with linkage proof; M3 FIPS-mode TLS/token/cert verified across all three services.,2026-08-15,Open,High
POAM-002,Management and enforcement planes are effectively unauthenticated: policy-manager REST API (internal/policymanager/router.go:18-71) has no auth middleware and the dashboard BFF (cmd/dashboard/main.go:99-145) has no login/OIDC/session; any reachable caller can read all policy data.,kube-policies FedRAMP/CIS gap analysis 2026-05-29,IA-2,Critical,P3 Identity & AuthN (IAM-WU): add OIDC/end-user authentication to the policy-manager API and dashboard BFF; remove anonymous access to /api/v1.,M1 OIDC provider integration design; M2 API authN middleware enforced; M3 Dashboard login/session enforced; M4 Anonymous-access negative tests pass.,2026-09-15,Open,High
POAM-003,"No application-layer authorization model: no viewer/editor/admin roles; access is a single global ALLOW_WRITES boolean (config.go:27, proxy.go:132); no separation of duties between read and write users (AC-2/AC-5/AC-6).",kube-policies FedRAMP/CIS gap analysis 2026-05-29,AC-3,Critical,P3 Identity & AuthZ (IAM-WU): implement role-based authorization (viewer/editor/admin) and enforce least-privilege access decisions on every API/dashboard action.,M1 AuthZ role model defined; M2 RBAC enforced on API endpoints; M3 Separation-of-duties verified by test.,2026-09-15,Open,High
POAM-004,"Plaintext HTTP on the management plane: policy-manager API (:8080), dashboard BFF (:8090), and all metrics endpoints serve HTTP, and the inter-service DecisionPublisher posts the static bearer token over http:// with no server-cert verification; data and credentials transit unencrypted.",kube-policies FedRAMP/CIS gap analysis 2026-05-29,SC-8,Critical,P4 Network & Comms Protection (NET-WU): enable TLS 1.3 on all management-plane listeners and in-cluster mTLS for webhook<->policy-manager and dashboard<->policy-manager traffic.,M1 TLS-config consumed by all servers; M2 mTLS between services; M3 plaintext-disabled verified; M4 metrics endpoints TLS+authn.,2026-10-15,Open,High
POAM-005,"Admission webhook /validate and /mutate accept any client: cmd/admission-webhook/main.go:269-276 sets no tls.ClientAuth (no RequireAndVerifyClientCert); the apiserver is not authenticated to the webhook, so any in-cluster pod reaching :8443 can drive admission decisions.",kube-policies FedRAMP/CIS gap analysis 2026-05-29,IA-3,High,P3 Identity (IAM-WU): configure RequireAndVerifyClientCert with the apiserver CA on the webhook listener so only the kube-apiserver can invoke admission endpoints.,M1 ClientCAs/ClientAuth wired to webhook tls.Config; M2 apiserver mTLS verified; M3 unauthorized-client rejection tested.,2026-09-15,Open,High
POAM-006,"Over-broad shared ServiceAccount: charts/.../rbac.yaml:22-33 grants cluster-wide get/list/watch on Secrets in all namespaces and full CRUD on validating/mutatingwebhookconfigurations (rbac.yaml:90-94); admission-webhook and policy-manager share ONE ServiceAccount and ClusterRole, violating least privilege and separation of duties.",kube-policies FedRAMP/CIS gap analysis 2026-05-29,AC-6,Critical,"P3 RBAC least-privilege (IAM-WU): split into per-component ServiceAccounts, scope ClusterRoles to Policy/PolicyException + Lease + status only, and remove cluster-wide secret read and webhook-config CRUD.",M1 Per-component SAs created; M2 ClusterRoles scoped to least privilege; M3 cluster-wide secret read removed; M4 RBAC verified against CIS 5.1.x.,2026-09-15,Open,High
POAM-007,"No NetworkPolicy anywhere (default-deny ingress/egress absent): the kube-policies-system namespace is a flat open segment; any compromised pod can reach :8080/:8443/:9090-9092, and there is no compensating boundary control for the missing authN (CIS 5.3.2).",kube-policies FedRAMP/CIS gap analysis 2026-05-29,SC-7,Critical,"P4 Network Segmentation (NET-WU): ship default-deny ingress+egress NetworkPolicies and scoped allow-flows (apiserver->:8443, webhook/dashboard->:8080, Prometheus->metrics) in the Helm chart.",M1 Default-deny policies authored; M2 scoped allow-flows for ICX-01..06; M3 CI gate validates NetworkPolicy presence on rendered manifests.,2026-10-15,Open,High
POAM-008,"Policy-engine spec.template.spec enforcement blindness: no shipped rule traverses spec.template.spec, so Deployments/DaemonSets/StatefulSets/ReplicaSets/Jobs/CronJobs are not evaluated for any security property, and initContainers/ephemeralContainers are never inspected — a silent enforcement bypass, not just a missing policy.",kube-policies FedRAMP/CIS gap analysis 2026-05-29,CM-6,Critical,P10 Policy Library Completeness (POL-WU): add workload-controller traversal (spec.template.spec) and init/ephemeral container inspection; rebuild PSS Baseline/Restricted and CIS 5.x rules on top.,M1 spec.template.spec traversal implemented; M2 init/ephemeral container rules; M3 PSS Baseline+Restricted coverage; M4 control-mapped policy test suite green.,2026-10-31,Open,High
POAM-009,"Rego is stored as an unvalidated string in the Policy CRD (policies.yaml:93-95) with no admission-time compile check, no schema, and no per-rule unit-test harness; customers can install a syntactically broken or always-allow rule with no guard.",kube-policies FedRAMP/CIS gap analysis 2026-05-29,SI-10,High,"P10 Policy Library (POL-WU): add admission-time Rego compile/validation, a policy schema, and a per-rule unit-test harness; gate broken/always-allow rules.",M1 Rego compile-check on CRD admission; M2 policy schema enforced; M3 per-rule test fixtures + CI opa test gate.,2026-10-31,Open,Moderate
POAM-010,Audit tamper-evidence entirely absent and storage non-durable: events are plain JSON lines with no HMAC/signature/hash-chain/sequence (internal/audit) and the file backend writes to an emptyDir destroyed on pod deletion (deployment line 130/137) with no off-host replication; a compromised node can edit/delete audit.log undetected.,kube-policies FedRAMP/CIS gap analysis 2026-05-29,AU-9,Critical,"P7 Audit Durability & Integrity (AUD-WU): add cryptographic integrity (hash-chaining/HMAC/sequence numbers), move audit to durable persistent storage, and add off-host backup/replication.",M1 Tamper-evident record integrity (AU-9/AU-9(3)); M2 durable persistent audit store; M3 off-host backup (AU-9(2)); M4 integrity-verification tooling.,2026-11-30,Open,High
POAM-011,"Audit retention and storage capacity not enforced in code: config.Audit.Retention (default 90d) is never read by any Go code and FileBackend (logger.go:353) never rotates, size-caps, or expires logs; no audit storage capacity management (AU-4) and 90-day retention (AU-11) is documented but not implemented.",kube-policies FedRAMP/CIS gap analysis 2026-05-29,AU-4,High,"P7 Audit Retention (AUD-WU): implement rotation, size-capping, and retention enforcement honoring the configured retention, with capacity alerting.",M1 Rotation + size-cap implemented; M2 retention enforced from config; M3 capacity alert wired.,2026-11-30,Open,Moderate
POAM-012,"No centralized aggregation / SIEM forwarding and no audit reduction/reporting: only local file/stdout backends exist (no fluentbit/fluentd/vector/syslog/webhook sink), compliance handlers return 501, and there is no central review/correlation/analysis capability.",kube-policies FedRAMP/CIS gap analysis 2026-05-29,AU-6,High,"P7/P9 Audit Forwarding (AUD-WU/IRM-WU): add a SIEM/log-forwarding pipeline (e.g., Fluent-bit/Vector/OTel) and on-demand audit reduction/reporting.",M1 Forwarding pipeline shipped; M2 tamper-evident shipping to SIEM; M3 audit reduction/report capability.,2026-11-30,Open,Moderate
POAM-013,"AU-3 where/source attribution incomplete: the audit Event struct (internal/audit/logger.go:54-79) records no source IP, user-agent, request URI, or apiserver identity, and management-plane events (LogConfigChange/LogSystemEvent) have zero production callers, so config changes are not in the audit trail and actions are attributed to system:unauthenticated.",kube-policies FedRAMP/CIS gap analysis 2026-05-29,AU-3,Moderate,"P7 Audit Content (AUD-WU): extend the audit record with source/identity attribution and wire management-plane (CRD CRUD, exception approvals, ALLOW_WRITES) events to real authenticated principals.",M1 Source/identity fields added; M2 management-plane events audited; M3 principal attribution tied to P3 authN.,2026-11-30,Open,Moderate
POAM-014,"Untrustworthy CI from Go-version skew: ci.yml/release.yml pin Go 1.20/1.21 while go.mod requires 1.25.0, so the gating pipeline cannot build the real codebase and every green result is untrustworthy developer-testing evidence; CI also references missing files (.github/ct.yaml, mlc_config.json).",kube-policies FedRAMP/CIS gap analysis 2026-05-29,SA-11,Critical,"P1 Build-Pipeline & Toolchain Integrity (SDL-WU/SUP-WU): align CI Go toolchain to the shipped Go version, remove broken steps, and make the gating pipeline build and test the real code.",M1 CI Go version aligned to go.mod; M2 broken CI steps fixed/removed; M3 green CI reproducibly builds shipped artifacts.,2026-07-15,Open,High
POAM-015,"Supply-chain signing is theater: no OIDC identity (id-token: write) is granted, so keyless cosign signing and SBOM attestation cannot succeed; no SLSA provenance is generated, SBOMs are never attested to image digests, and GitHub Actions are pinned to mutable @master tags.",kube-policies FedRAMP/CIS gap analysis 2026-05-29,SR-4,High,"P6 Supply-Chain Integrity (SUP-WU): grant id-token: write for keyless cosign, generate+publish SLSA provenance, attest SBOMs to image digests, and pin all actions/base images by digest.","M1 OIDC id-token enabled, signing succeeds; M2 SLSA provenance generated/published; M3 SBOM attested to digests; M4 actions/base images digest-pinned.",2026-11-15,Open,High
POAM-016,"No system backup for policy state: backup is ad-hoc manual kubectl export only (DEPLOYMENT.md:422-440); no scheduled/automated backup, no Velero/snapshot integration, no backup verification, and no etcd/CRD backup-restore procedure — loss of etcd means total loss of policy posture.",kube-policies FedRAMP/CIS gap analysis 2026-05-29,CP-9,High,"P8 Contingency & Backup (RES-WU): implement scheduled, verified backup of Policy/PolicyException CRD state with off-cluster storage and a documented etcd/CRD restore procedure.",M1 Automated CRD/etcd backup; M2 off-cluster alternate storage; M3 backup-restore verification test (CP-9(1)).,2026-12-15,Open,Moderate
POAM-017,"No DR/HA for the fail-closed gatekeeper: no PodDisruptionBudget for any component, empty chart affinity {} with no topologySpreadConstraints, single-replica leader-election-gated policy-manager, and no RTO/RPO/DR runbook; with failurePolicy=Fail any availability lapse becomes a cluster-wide admission outage.",kube-policies FedRAMP/CIS gap analysis 2026-05-29,CP-10,High,"P8 Resilience (RES-WU): add PDBs, anti-affinity/topology spread, HA policy-manager, real startup/readiness probes, graceful drain, and a documented DR/RTO/RPO runbook.",M1 PDBs + anti-affinity in chart; M2 HA policy-manager; M3 startup/readiness probes corrected; M4 DR runbook with RTO/RPO + restart-recovery test.,2026-12-15,Open,Moderate
POAM-018,"ATO roles unassigned: no personnel/role-responsibility matrix exists defining System Owner, ISSO, Authorizing Official, and Independent Assessor; all compliance artifacts currently carry TBD owner/approver, which blocks assessment.",kube-policies FedRAMP/CIS gap analysis 2026-05-29,PS-2,High,"P0 Program Governance (DOC-WU): author a RACI/role-responsibility matrix and formally assign System Owner, ISSO, AO, and Independent Assessor before assessment.",M1 Role-responsibility matrix authored; M2 System Owner + ISSO assigned; M3 AO + Independent Assessor designated.,2026-06-30,Open,Moderate
POAM-019,"Control matrix not reconciled to the official FedRAMP OSCAL profile: the local control-matrix.csv is hand-derived from the gap analysis and is not yet validated against the authoritative FedRAMP Moderate OSCAL baseline, risking missing/mis-baselined controls.",kube-policies FedRAMP/CIS gap analysis 2026-05-29,CA-2,High,"P12 Assessment Readiness (P12-WU): reconcile the control matrix against the official FedRAMP Moderate OSCAL profile, resolving every baseline control to a matrix row.",M1 Import FedRAMP Moderate OSCAL profile; M2 diff vs control-matrix.csv; M3 close all unmapped/mis-baselined controls.,2026-12-31,Open,Moderate
POAM-020,"Single shared static inter-service credential: POLICY_MANAGER_INTERNAL_TOKEN is the only inter-service authenticator, mounted as a plain Opaque Secret with no rotation and no per-caller identity, and bearer-token checks use non-constant-time comparison (decisions_handler.go:29, dashboard/decisions.go:110).",kube-policies FedRAMP/CIS gap analysis 2026-05-29,IA-5,High,"P3 Identity (IAM-WU): replace the shared static token with audience-bound projected ServiceAccount tokens (short TTL), add rotation, and use crypto/subtle constant-time comparison.",M1 Projected/audience-bound tokens; M2 rotation mechanism; M3 constant-time comparison; M4 per-caller identity.,2026-09-15,Open,Moderate
POAM-021,"No encryption of secrets at rest: no EncryptionConfiguration provider (CIS 1.2.31-1.2.33) and no KMS provider; the internal token and TLS keys sit in plain base64 Kubernetes Secrets, and the declared encryption.at_rest config is inert.",kube-policies FedRAMP/CIS gap analysis 2026-05-29,SC-28,High,"P2 Crypto Foundation (CRY-WU): provide EncryptionConfiguration/KMS guidance and integrate an external secret manager (e.g., Vault/external-secrets/sealed-secrets) with envelope encryption.",M1 EncryptionConfiguration/KMS guidance shipped; M2 external secret manager integration; M3 inert at_rest config wired or removed.,2026-08-15,Open,Moderate
POAM-022,"No PKI/key-management lifecycle: self-signed RSA-2048 365-day certs via sprig/openssl with no cert-manager Issuer/Certificate, no automated rotation, no expiry monitoring, no GetCertificate hot-reload, and no documented key-management plan/cryptographic inventory.",kube-policies FedRAMP/CIS gap analysis 2026-05-29,SC-12,Moderate,"P2 Crypto Foundation (CRY-WU): adopt cert-manager-driven PKI with automated rotation, cert hot-reload, expiry alerting, and a documented Key Management Plan / crypto inventory.",M1 cert-manager Issuer/Certificate; M2 cert hot-reload + expiry alert; M3 Key Management Plan + crypto inventory authored.,2026-08-15,Open,Moderate
POAM-023,"No digest-pinned images and no configuration baseline: all Dockerfiles and values.yaml use floating tags with pullPolicy IfNotPresent (no @sha256 digests), breaking reproducibility/integrity, and there is no documented configuration baseline, image inventory, or CM plan.",kube-policies FedRAMP/CIS gap analysis 2026-05-29,CM-2,High,"P5/P6 Config Management & Supply Chain (CFG-WU/SUP-WU): pin all base and workload images by digest, add a digest-based deployment option, and author the configuration baseline, image inventory, and CM plan.",M1 Base+workload images digest-pinned; M2 digest deployment option; M3 configuration baseline + inventory + CM plan authored.,2026-11-01,Open,Moderate
POAM-024,"Shipped Helm chart less hardened than the base manifest: no seccompProfile (RuntimeDefault) on any container/pod, runAsGroup unset (GID 0 possible), automountServiceAccountToken never disabled, and the install namespace is not labeled pod-security.kubernetes.io/enforce=restricted, failing CIS restricted PSS and least functionality.",kube-policies FedRAMP/CIS gap analysis 2026-05-29,CM-7,High,"P5 Workload Hardening (CFG-WU): add seccompProfile=RuntimeDefault, runAsGroup>0, automountServiceAccountToken=false, and PSS restricted namespace enforcement to the chart.",M1 seccomp+runAsGroup in chart; M2 SA-token automount disabled; M3 PSS restricted namespace label; M4 chart passes CIS 5.2.x checks.,2026-11-01,Open,Moderate
POAM-025,"Vulnerability scanning does not gate the build: Trivy runs SARIF-only with no severity threshold/exit-code, no govulncheck/CodeQL/secret-scanning/SCA in CI, and no dependency-update automation, so CRITICAL/HIGH CVEs ship silently with no remediation SLA or POA&M feed.",kube-policies FedRAMP/CIS gap analysis 2026-05-29,RA-5,High,"P11 Vulnerability Management (SDL-WU/VUL-WU): gate Trivy on CRITICAL/HIGH, add govulncheck/CodeQL/secret-scanning/SCA, enable Dependabot/Renovate, and define FedRAMP remediation SLAs with a POA&M feed.",M1 Trivy fail-on-severity; M2 govulncheck+CodeQL+secret-scan gating; M3 dependency-update automation; M4 SLA-bound vuln program feeding POA&M.,2026-12-31,Open,Moderate
POAM-026,"No flaw-remediation program: no documented remediation SLA timelines (Critical/High 30d, Moderate 90d, Low 180d), no monthly authenticated scan cadence, no vulnerability/POA&M triage workflow, and no automated rebuild-on-base-CVE trigger.",kube-policies FedRAMP/CIS gap analysis 2026-05-29,SI-2,Moderate,"P11 Vulnerability Management (VUL-WU): document FedRAMP remediation SLAs, establish monthly authenticated scanning, and stand up a triage/aging/POA&M workflow with rebuild-on-base-CVE.",M1 Remediation SLA policy; M2 monthly authenticated scan cadence; M3 triage/aging workflow; M4 rebuild-on-base-CVE trigger.,2026-12-31,Open,Moderate
POAM-027,"No DoS/resource-availability protection: no rate limiting/connection throttling/concurrency caps on any HTTP server, no ResourceQuota/LimitRange/HPA, and no request-body size limits, leaving the fail-closed planes open to resource-exhaustion DoS.",kube-policies FedRAMP/CIS gap analysis 2026-05-29,SC-5,Moderate,"P4/P8 Comms Protection & Resilience (NET-WU/RES-WU): add rate limiting, request-body caps, connection/concurrency limits, and ResourceQuota/LimitRange.",M1 Rate limiting + body caps; M2 concurrency limits; M3 ResourceQuota/LimitRange shipped.,2026-10-15,Open,Low
POAM-028,"No system-wide, time-correlated audit trail: only the webhook emits audit events, each component has its own clock with no correlation ID, and there is no unified record across admission-webhook, policy-manager, and dashboard tying CRD changes to downstream admission decisions.",kube-policies FedRAMP/CIS gap analysis 2026-05-29,AU-12,Moderate,"P7 Audit Accountability (AUD-WU): add correlation IDs and a unified, time-correlated audit trail across all three components with NTP-assured timestamps.",M1 Correlation IDs across components; M2 unified trail; M3 synchronized-time assurance (AU-8).,2026-11-30,Open,Moderate
POAM-029,"No alerting on audit-processing failure: auditEvents/auditBufferSize metrics exist but no Prometheus rule fires on status=dropped/write_error or buffer saturation, and the referenced rule_files are not committed; a dropped audit pipeline is invisible.",kube-policies FedRAMP/CIS gap analysis 2026-05-29,AU-5,Moderate,P9 Detection & Alerting (IRM-WU): ship PrometheusRule alerts on audit drop/write-error/buffer saturation packaged in the chart.,M1 Audit-failure alert rules authored; M2 packaged in Helm; M3 promtool-validated in CI.,2026-12-31,Open,Low
POAM-030,"No detection/monitoring safety net: no SIEM/central log forwarding, no fail-open instrumentation, no TLS cert-expiry telemetry, no runtime anomaly detection (Falco/Tetragon), and missing security-critical alerts for fail-open, cert expiry, audit drops, and reconcile failures.",kube-policies FedRAMP/CIS gap analysis 2026-05-29,SI-4,High,"P9 Detection & Monitoring (IRM-WU): add fail-open and cert-expiry metrics, security-critical alerts, runtime anomaly detection, and SIEM forwarding.",M1 Fail-open + cert-expiry telemetry; M2 security-critical alert set; M3 runtime detection; M4 SIEM forwarding.,2026-12-31,Open,Moderate
POAM-031,"No Incident Response Plan or runbooks: no IR plan (roles/phases/notification timelines), no security runbooks, no on-call/escalation roster, and Alertmanager points at a dead 127.0.0.1 receiver with no real paging integration.",kube-policies FedRAMP/CIS gap analysis 2026-05-29,IR-8,High,"P9/P12 Incident Response (IRM-WU/P12-WU): author the IR plan and runbooks, define escalation/on-call roster, and wire real severity-routed paging.",M1 IR plan authored; M2 incident runbooks; M3 escalation roster + real paging integration.,2026-12-31,Open,Moderate
POAM-032,"No continuous-monitoring strategy or SLO/SLI definitions: alert rules are not packaged in Helm, there is no ConMon document mapping metrics/alerts/scans to a cadence and POA&M feed, and no CI validation of alert expressions (promtool/amtool).",kube-policies FedRAMP/CIS gap analysis 2026-05-29,CA-7,Moderate,"P9 ConMon (IRM-WU): package alert rules/ServiceMonitor in the chart, author a ConMon strategy mapping signals to cadence and POA&M, and add promtool/amtool CI validation.",M1 Alert rules/ServiceMonitor in chart; M2 ConMon strategy doc; M3 promtool/amtool CI gate.,2026-12-31,Open,Low
POAM-033,"Supply-chain governance gaps: no SECURITY.md/coordinated disclosure policy, no Dependabot/Renovate, GitHub Actions and base images pinned to mutable tags, and no SCRM plan/threat model tying artifacts to controls for the ATO package.",kube-policies FedRAMP/CIS gap analysis 2026-05-29,SR-3,Moderate,"P6 Supply-Chain Integrity (SUP-WU): author SECURITY.md and an SCRM plan, enable dependency-update automation, and pin all actions/base images by immutable digest.",M1 SECURITY.md + disclosure SLAs; M2 dependency-update automation; M3 actions/base images digest-pinned; M4 SCRM plan authored.,2026-11-15,Open,Moderate
POAM-034,"No secure-SDLC quality gates: 49.2% unit coverage with no enforced threshold, no required-status-check/branch-protection/CODEOWNERS, no fuzz/DAST, no SAST (CodeQL absent; gosec via unmaintained @master action), and no threat model or SSDF crosswalk.",kube-policies FedRAMP/CIS gap analysis 2026-05-29,SA-15,Moderate,"P11 Secure-SDLC (SDL-WU): enforce coverage thresholds, branch protection + CODEOWNERS, add fuzz/DAST/SAST, and author the threat model and SSDF practice-to-control crosswalk.",M1 Coverage gate + branch protection + CODEOWNERS; M2 SAST/fuzz/DAST wired; M3 threat model + SSDF crosswalk authored.,2026-12-31,Open,Moderate
POAM-035,"No admission-time image signature/provenance verification: the webhook ships only privileged/hostPath/latest-tag rules and cannot enforce signed-image policy in clusters, including for its own images; consumers have no cosign verify documentation.",kube-policies FedRAMP/CIS gap analysis 2026-05-29,CM-14,High,P6/P10 Supply Chain & Policy (SUP-WU/POL-WU): add an admission policy that verifies image signatures/provenance (cosign) and publish consumer cosign verify/verify-attestation documentation.,M1 Signature/provenance admission policy; M2 consumer verification docs; M3 enforce signed-image policy for own images.,2026-11-15,Open,Moderate
POAM-036,"No dashboard session management: no session/idle timeout, no re-authentication, no HSTS or secure-cookie posture, and no managed-session protections on the dashboard BFF (depends on P3 authentication landing first).",kube-policies FedRAMP/CIS gap analysis 2026-05-29,AC-12,Low,"P3 Identity (IAM-WU): add session management with idle timeout, re-authentication, HSTS, and secure cookies to the dashboard once authentication is implemented.",M1 Session/idle timeout; M2 re-authentication; M3 HSTS + secure cookies.,2026-09-15,Open,Low
POAM-037,"No customer-posture inventory enforcement: the policy library ships no required-labels/annotations rule (owner, data-classification, cost-center) for CM-8 inventory, no resource-quota-presence enforcement, and no deny-NodePort/LoadBalancer-without-approval.",kube-policies FedRAMP/CIS gap analysis 2026-05-29,CM-8,Moderate,"P10 Policy Library (POL-WU): add required-labels/annotations, resource-quota-presence, and NodePort/LoadBalancer-approval policies to support CM-8 inventory and SC-7 egress.",M1 Required-labels policy; M2 resource-quota-presence policy; M3 NodePort/LoadBalancer-approval policy.,2026-10-31,Open,Low
POAM-038,No audit reduction/report generation: policy-manager compliance handlers return 501 Not Implemented; there is no on-demand audit search/report capability for assessors.,kube-policies FedRAMP/CIS gap analysis 2026-05-29,AU-7,Low,P7 Audit Reporting (AUD-WU): implement on-demand audit reduction/search/report generation in the policy-manager compliance handlers.,M1 Audit search API; M2 report generation; M3 assessor-facing report format.,2026-11-30,Open,Low
